INSERT INTO Users( username, password, login_first_name, login_last_name ) VALUES(" burdell"," burdell"," G"," Burdell ");
INSERT INTO Users( username, password, login_first_name, login_last_name ) VALUES(" user02"," pass02"," Leatha"," Tomasulo ");
INSERT INTO Users( username, password, login_first_name, login_last_name ) VALUES(" user03"," pass03"," Jeanice"," Ragel ");
INSERT INTO Users( username, password, login_first_name, login_last_name ) VALUES(" user04"," pass04"," Erick"," Harabedian ");
INSERT INTO Users( username, password, login_first_name, login_last_name ) VALUES(" user05"," pass05"," Margart"," Silvestrini ");
INSERT INTO Users( username, password, login_first_name, login_last_name ) VALUES(" user06"," pass06"," Valentin"," Louissant ");
INSERT INTO Users( username, password, login_first_name, login_last_name ) VALUES(" user07"," pass07"," Thaddeus"," Honeywell ");
INSERT INTO Users( username, password, login_first_name, login_last_name ) VALUES(" user10"," pass10"," Peggie"," Discipio ");
INSERT INTO Users( username, password, login_first_name, login_last_name ) VALUES(" user12"," pass12"," Laticia"," Aquas ");
INSERT INTO Users( username, password, login_first_name, login_last_name ) VALUES(" user14"," pass14"," Alex"," Lungren ");
INSERT INTO Users( username, password, login_first_name, login_last_name ) VALUES(" user18"," pass18"," Virgina"," Patak ");
INSERT INTO Users( username, password, login_first_name, login_last_name ) VALUES(" user22"," pass22"," Leslie"," Frerking ");
INSERT INTO Users( username, password, login_first_name, login_last_name ) VALUES(" user24"," pass24"," Jolene"," Modzelewski ");
INSERT INTO Users( username, password, login_first_name, login_last_name ) VALUES(" user01"," pass01"," Gail"," Paprocki ");
INSERT INTO Users( username, password, login_first_name, login_last_name ) VALUES(" user19"," pass19"," Frederica"," Francescon ");
INSERT INTO Users( username, password, login_first_name, login_last_name ) VALUES(" user21"," pass21"," Jerry"," Meinerding ");
INSERT INTO Users( username, password, login_first_name, login_last_name ) VALUES(" user08"," pass08"," Venita"," Tolfree ");
INSERT INTO Users( username, password, login_first_name, login_last_name ) VALUES(" user09"," pass09"," Salena"," Kalafatis ");
INSERT INTO Users( username, password, login_first_name, login_last_name ) VALUES(" user11"," pass11"," Serina"," Worlds ");
INSERT INTO Users( username, password, login_first_name, login_last_name ) VALUES(" user13"," pass13"," Portia"," Bowley ");
INSERT INTO Users( username, password, login_first_name, login_last_name ) VALUES(" user15"," pass15"," Ettie"," Ruta ");
INSERT INTO Users( username, password, login_first_name, login_last_name ) VALUES(" user16"," pass16"," Felix"," Perigo ");
INSERT INTO Users( username, password, login_first_name, login_last_name ) VALUES(" user17"," pass17"," Franklyn"," Flosi ");
INSERT INTO Users( username, password, login_first_name, login_last_name ) VALUES(" user20"," pass20"," Simona"," Halter ");
INSERT INTO Users( username, password, login_first_name, login_last_name ) VALUES(" user23"," pass23"," Aja"," Hoa ");
INSERT INTO Users( username, password, login_first_name, login_last_name ) VALUES(" user25"," pass25"," Rozella"," Chavous ");

INSERT INTO inventoryclerk( username, inventory_clerk_permission ) VALUES(" burdell"," inventory_clerk_permission00 ");
INSERT INTO inventoryclerk( username, inventory_clerk_permission ) VALUES(" user02"," inventory_clerk_permission01 ");
INSERT INTO inventoryclerk( username, inventory_clerk_permission ) VALUES(" user03"," inventory_clerk_permission02 ");
INSERT INTO inventoryclerk( username, inventory_clerk_permission ) VALUES(" user04"," inventory_clerk_permission03 ");
INSERT INTO inventoryclerk( username, inventory_clerk_permission ) VALUES(" user05"," inventory_clerk_permission04 ");
INSERT INTO inventoryclerk( username, inventory_clerk_permission ) VALUES(" user06"," inventory_clerk_permission05 ");
INSERT INTO inventoryclerk( username, inventory_clerk_permission ) VALUES(" user07"," inventory_clerk_permission06 ");
INSERT INTO inventoryclerk( username, inventory_clerk_permission ) VALUES(" user10"," inventory_clerk_permission07 ");
INSERT INTO inventoryclerk( username, inventory_clerk_permission ) VALUES(" user12"," inventory_clerk_permission08 ");
INSERT INTO inventoryclerk( username, inventory_clerk_permission ) VALUES(" user14"," inventory_clerk_permission09 ");
INSERT INTO inventoryclerk( username, inventory_clerk_permission ) VALUES(" user18"," inventory_clerk_permission10 ");
INSERT INTO inventoryclerk( username, inventory_clerk_permission ) VALUES(" user22"," inventory_clerk_permission11 ");
INSERT INTO inventoryclerk( username, inventory_clerk_permission ) VALUES(" user24"," inventory_clerk_permission12 ");

INSERT INTO manager( username, manager_permission ) VALUES(" burdell"," manager_permission00 ");
INSERT INTO manager( username, manager_permission ) VALUES(" user01"," manager_permission01 ");
INSERT INTO manager( username, manager_permission ) VALUES(" user19"," manager_permission02 ");
INSERT INTO manager( username, manager_permission ) VALUES(" user21"," manager_permission03 ");

INSERT INTO salesperson( username, salesperson_permission ) VALUES(" burdell"," salesperson_permission00 ");
INSERT INTO salesperson( username, salesperson_permission ) VALUES(" user08"," salesperson_permission01 ");
INSERT INTO salesperson( username, salesperson_permission ) VALUES(" user09"," salesperson_permission02 ");
INSERT INTO salesperson( username, salesperson_permission ) VALUES(" user11"," salesperson_permission03 ");
INSERT INTO salesperson( username, salesperson_permission ) VALUES(" user13"," salesperson_permission04 ");
INSERT INTO salesperson( username, salesperson_permission ) VALUES(" user15"," salesperson_permission05 ");
INSERT INTO salesperson( username, salesperson_permission ) VALUES(" user16"," salesperson_permission06 ");
INSERT INTO salesperson( username, salesperson_permission ) VALUES(" user17"," salesperson_permission07 ");
INSERT INTO salesperson( username, salesperson_permission ) VALUES(" user20"," salesperson_permission08 ");
INSERT INTO salesperson( username, salesperson_permission ) VALUES(" user23"," salesperson_permission09 ");
INSERT INTO salesperson( username, salesperson_permission ) VALUES(" user25"," salesperson_permission10 ");
