INSERT IGNORE INTO users( username, password, login_first_name, login_last_name ) VALUES(" burdell"," burdell"," G"," Burdell ");
INSERT IGNORE INTO users( username, password, login_first_name, login_last_name ) VALUES(" user02"," pass02"," Leatha"," Tomasulo ");
INSERT IGNORE INTO users( username, password, login_first_name, login_last_name ) VALUES(" user03"," pass03"," Jeanice"," Ragel ");
INSERT IGNORE INTO users( username, password, login_first_name, login_last_name ) VALUES(" user04"," pass04"," Erick"," Harabedian ");
INSERT IGNORE INTO users( username, password, login_first_name, login_last_name ) VALUES(" user05"," pass05"," Margart"," Silvestrini ");
INSERT IGNORE INTO users( username, password, login_first_name, login_last_name ) VALUES(" user06"," pass06"," Valentin"," Louissant ");
INSERT IGNORE INTO users( username, password, login_first_name, login_last_name ) VALUES(" user07"," pass07"," Thaddeus"," Honeywell ");
INSERT IGNORE INTO users( username, password, login_first_name, login_last_name ) VALUES(" user10"," pass10"," Peggie"," Discipio ");
INSERT IGNORE INTO users( username, password, login_first_name, login_last_name ) VALUES(" user12"," pass12"," Laticia"," Aquas ");
INSERT IGNORE INTO users( username, password, login_first_name, login_last_name ) VALUES(" user14"," pass14"," Alex"," Lungren ");
INSERT IGNORE INTO users( username, password, login_first_name, login_last_name ) VALUES(" user18"," pass18"," Virgina"," Patak ");
INSERT IGNORE INTO users( username, password, login_first_name, login_last_name ) VALUES(" user22"," pass22"," Leslie"," Frerking ");
INSERT IGNORE INTO users( username, password, login_first_name, login_last_name ) VALUES(" user24"," pass24"," Jolene"," Modzelewski ");
INSERT IGNORE INTO users( username, password, login_first_name, login_last_name ) VALUES(" user01"," pass01"," Gail"," Paprocki ");
INSERT IGNORE INTO users( username, password, login_first_name, login_last_name ) VALUES(" user19"," pass19"," Frederica"," Francescon ");
INSERT IGNORE INTO users( username, password, login_first_name, login_last_name ) VALUES(" user21"," pass21"," Jerry"," Meinerding ");
INSERT IGNORE INTO users( username, password, login_first_name, login_last_name ) VALUES(" user08"," pass08"," Venita"," Tolfree ");
INSERT IGNORE INTO users( username, password, login_first_name, login_last_name ) VALUES(" user09"," pass09"," Salena"," Kalafatis ");
INSERT IGNORE INTO users( username, password, login_first_name, login_last_name ) VALUES(" user11"," pass11"," Serina"," Worlds ");
INSERT IGNORE INTO users( username, password, login_first_name, login_last_name ) VALUES(" user13"," pass13"," Portia"," Bowley ");
INSERT IGNORE INTO users( username, password, login_first_name, login_last_name ) VALUES(" user15"," pass15"," Ettie"," Ruta ");
INSERT IGNORE INTO users( username, password, login_first_name, login_last_name ) VALUES(" user16"," pass16"," Felix"," Perigo ");
INSERT IGNORE INTO users( username, password, login_first_name, login_last_name ) VALUES(" user17"," pass17"," Franklyn"," Flosi ");
INSERT IGNORE INTO users( username, password, login_first_name, login_last_name ) VALUES(" user20"," pass20"," Simona"," Halter ");
INSERT IGNORE INTO users( username, password, login_first_name, login_last_name ) VALUES(" user23"," pass23"," Aja"," Hoa ");
INSERT IGNORE INTO users( username, password, login_first_name, login_last_name ) VALUES(" user25"," pass25"," Rozella"," Chavous ");

INSERT IGNORE INTO inventoryclerk( username, inventory_clerk_permission ) VALUES(" burdell"," inventory_clerk_permission00 ");
INSERT IGNORE INTO inventoryclerk( username, inventory_clerk_permission ) VALUES(" user02"," inventory_clerk_permission01 ");
INSERT IGNORE INTO inventoryclerk( username, inventory_clerk_permission ) VALUES(" user03"," inventory_clerk_permission02 ");
INSERT IGNORE INTO inventoryclerk( username, inventory_clerk_permission ) VALUES(" user04"," inventory_clerk_permission03 ");
INSERT IGNORE INTO inventoryclerk( username, inventory_clerk_permission ) VALUES(" user05"," inventory_clerk_permission04 ");
INSERT IGNORE INTO inventoryclerk( username, inventory_clerk_permission ) VALUES(" user06"," inventory_clerk_permission05 ");
INSERT IGNORE INTO inventoryclerk( username, inventory_clerk_permission ) VALUES(" user07"," inventory_clerk_permission06 ");
INSERT IGNORE INTO inventoryclerk( username, inventory_clerk_permission ) VALUES(" user10"," inventory_clerk_permission07 ");
INSERT IGNORE INTO inventoryclerk( username, inventory_clerk_permission ) VALUES(" user12"," inventory_clerk_permission08 ");
INSERT IGNORE INTO inventoryclerk( username, inventory_clerk_permission ) VALUES(" user14"," inventory_clerk_permission09 ");
INSERT IGNORE INTO inventoryclerk( username, inventory_clerk_permission ) VALUES(" user18"," inventory_clerk_permission10 ");
INSERT IGNORE INTO inventoryclerk( username, inventory_clerk_permission ) VALUES(" user22"," inventory_clerk_permission11 ");
INSERT IGNORE INTO inventoryclerk( username, inventory_clerk_permission ) VALUES(" user24"," inventory_clerk_permission12 ");

INSERT IGNORE INTO manager( username, manager_permission ) VALUES(" burdell"," manager_permission00 ");
INSERT IGNORE INTO manager( username, manager_permission ) VALUES(" user01"," manager_permission01 ");
INSERT IGNORE INTO manager( username, manager_permission ) VALUES(" user19"," manager_permission02 ");
INSERT IGNORE INTO manager( username, manager_permission ) VALUES(" user21"," manager_permission03 ");

INSERT IGNORE INTO salesperson( username, salesperson_permission ) VALUES(" burdell"," salesperson_permission00 ");
INSERT IGNORE INTO salesperson( username, salesperson_permission ) VALUES(" user08"," salesperson_permission01 ");
INSERT IGNORE INTO salesperson( username, salesperson_permission ) VALUES(" user09"," salesperson_permission02 ");
INSERT IGNORE INTO salesperson( username, salesperson_permission ) VALUES(" user11"," salesperson_permission03 ");
INSERT IGNORE INTO salesperson( username, salesperson_permission ) VALUES(" user13"," salesperson_permission04 ");
INSERT IGNORE INTO salesperson( username, salesperson_permission ) VALUES(" user15"," salesperson_permission05 ");
INSERT IGNORE INTO salesperson( username, salesperson_permission ) VALUES(" user16"," salesperson_permission06 ");
INSERT IGNORE INTO salesperson( username, salesperson_permission ) VALUES(" user17"," salesperson_permission07 ");
INSERT IGNORE INTO salesperson( username, salesperson_permission ) VALUES(" user20"," salesperson_permission08 ");
INSERT IGNORE INTO salesperson( username, salesperson_permission ) VALUES(" user23"," salesperson_permission09 ");
INSERT IGNORE INTO salesperson( username, salesperson_permission ) VALUES(" user25"," salesperson_permission10 ");


INSERT IGNORE INTO customer( customer_id, phone_number, email, customer_street, customer_city, customer_state, customer_zip ) VALUES(" B4801537581"," 9968600599"," aagramonte@isdom.com"," 8098 20-street"," Wichita"," TX"," 49318 ");
INSERT IGNORE INTO customer( customer_id, phone_number, email, customer_street, customer_city, customer_state, customer_zip ) VALUES(" B2116633076"," 720363016"," abitsuie@xx-zobam.com"," 7156 12-street"," Plano"," NV"," 90870 ");
INSERT IGNORE INTO customer( customer_id, phone_number, email, customer_street, customer_city, customer_state, customer_zip ) VALUES(" C0640712551"," 9963348430"," afillingim@kan-code.com"," 8691 9-street"," Indianapolis"," IN"," 6705 ");
INSERT IGNORE INTO customer( customer_id, phone_number, email, customer_street, customer_city, customer_state, customer_zip ) VALUES(" B8617696591"," 4693228016"," ahidvegi@scotfind.com"," 5887 16-street"," Mesa"," VA"," 78558 ");
INSERT IGNORE INTO customer( customer_id, phone_number, email, customer_street, customer_city, customer_state, customer_zip ) VALUES(" A2130488970"," 9425991853"," ahughey@dambase.com"," 1719 20-street"," Oklahoma City"," KY"," 10898 ");
INSERT IGNORE INTO customer( customer_id, phone_number, email, customer_street, customer_city, customer_state, customer_zip ) VALUES(" B6520528449"," 7397974944"," akusko@zencorporation.com"," 3583 21-street"," Houston"," TX"," 61159 ");
INSERT IGNORE INTO customer( customer_id, phone_number, email, customer_street, customer_city, customer_state, customer_zip ) VALUES(" 41-5753983"," 7702201434"," alorens@zencorporation.com"," 564 7-street"," Phoenix"," AZ"," 30761 ");
INSERT IGNORE INTO customer( customer_id, phone_number, email, customer_street, customer_city, customer_state, customer_zip ) VALUES(" D9806834505"," 6288898018"," amaile@conecom.com"," 7350 8-street"," Portland"," NV"," 32773 ");
INSERT IGNORE INTO customer( customer_id, phone_number, email, customer_street, customer_city, customer_state, customer_zip ) VALUES(" B4913696298"," 368278690"," amaybury@finhigh.com"," 3899 6-street"," Boise City"," VA"," 23115 ");
INSERT IGNORE INTO customer( customer_id, phone_number, email, customer_street, customer_city, customer_state, customer_zip ) VALUES(" C1172628796"," 728931740"," amorocco@stanredtax.com"," 226 14-street"," Tucson"," CA"," 80383 ");
INSERT IGNORE INTO customer( customer_id, phone_number, email, customer_street, customer_city, customer_state, customer_zip ) VALUES(" D7279401089"," 4267282394"," anunlee@zencorporation.com"," 8575 14-street"," Austin"," TX"," 30398 ");
INSERT IGNORE INTO customer( customer_id, phone_number, email, customer_street, customer_city, customer_state, customer_zip ) VALUES(" D4296267174"," 3841718234"," aogg@dalttechnology.com"," 4250 21-street"," Virginia Beach"," GA"," 70041 ");
INSERT IGNORE INTO customer( customer_id, phone_number, email, customer_street, customer_city, customer_state, customer_zip ) VALUES(" C8694307110"," 2439635928"," apinilla@ron-tech.com"," 4911 3-street"," Chula Vista"," IN"," 14642 ");
INSERT IGNORE INTO customer( customer_id, phone_number, email, customer_street, customer_city, customer_state, customer_zip ) VALUES(" 37-0917926"," 5133181891"," apoullion@year-job.com"," 1018 7-street"," Newark"," TX"," 25874 ");
INSERT IGNORE INTO customer( customer_id, phone_number, email, customer_street, customer_city, customer_state, customer_zip ) VALUES(" 17-8311836"," 618710071"," arentfro@domzoom.com"," 6729 13-street"," Henderson"," NE"," 7428 ");
INSERT IGNORE INTO customer( customer_id, phone_number, email, customer_street, customer_city, customer_state, customer_zip ) VALUES(" 25-8509075"," 9621955506"," asweigard@kinnamplus.com"," 5737 4-street"," Boston"," TN"," 73659 ");
INSERT IGNORE INTO customer( customer_id, phone_number, email, customer_street, customer_city, customer_state, customer_zip ) VALUES(" B5428704297"," 1448914508"," awildfong@gogozoom.com"," 6043 6-street"," Dallas"," TX"," 21023 ");
INSERT IGNORE INTO customer( customer_id, phone_number, email, customer_street, customer_city, customer_state, customer_zip ) VALUES(" 34-9450658"," 2216937687"," bfrey@goodsilron.com"," 9526 8-street"," Anchorage"," CA"," 9544 ");
INSERT IGNORE INTO customer( customer_id, phone_number, email, customer_street, customer_city, customer_state, customer_zip ) VALUES(" C8771937989"," 4935277297"," bgellinger@green-plus.com"," 8904 1-street"," Honolulu"," CO"," 22824 ");
INSERT IGNORE INTO customer( customer_id, phone_number, email, customer_street, customer_city, customer_state, customer_zip ) VALUES(" B2287458166"," 1974184430"," bmunns@codehow.com"," 6534 7-street"," Columbus"," OH"," 28691 ");
INSERT IGNORE INTO customer( customer_id, phone_number, email, customer_street, customer_city, customer_state, customer_zip ) VALUES(" B8838483933"," 1529913151"," bonofrio@scotfind.com"," 9737 7-street"," Seattle"," WA"," 12926 ");
INSERT IGNORE INTO customer( customer_id, phone_number, email, customer_street, customer_city, customer_state, customer_zip ) VALUES(" A8107181602"," 1587263688"," bsaylors@codehow.com"," 6008 14-street"," Honolulu"," CO"," 96626 ");
INSERT IGNORE INTO customer( customer_id, phone_number, email, customer_street, customer_city, customer_state, customer_zip ) VALUES(" C9736973233"," 1353591607"," cacey@nam-zim.com"," 3638 10-street"," Houston"," TX"," 87596 ");
INSERT IGNORE INTO customer( customer_id, phone_number, email, customer_street, customer_city, customer_state, customer_zip ) VALUES(" C4376643077"," 3317859541"," cbenimadho@newex.com"," 6150 17-street"," Norfolk"," NC"," 3321 ");
INSERT IGNORE INTO customer( customer_id, phone_number, email, customer_street, customer_city, customer_state, customer_zip ) VALUES(" C7821395607"," 1859590014"," cgibes@dontechi.com"," 5092 20-street"," Tulsa"," OH"," 36477 ");
INSERT IGNORE INTO customer( customer_id, phone_number, email, customer_street, customer_city, customer_state, customer_zip ) VALUES(" A9685977010"," 5139591614"," cgoldammer@silis.com"," 3758 3-street"," Houston"," TX"," 93403 ");
INSERT IGNORE INTO customer( customer_id, phone_number, email, customer_street, customer_city, customer_state, customer_zip ) VALUES(" B6894388117"," 7771651721"," chellickson@donware.com"," 1196 18-street"," Wichita"," TX"," 27818 ");
INSERT IGNORE INTO customer( customer_id, phone_number, email, customer_street, customer_city, customer_state, customer_zip ) VALUES(" B4761949869"," 8799619111"," chollack@zoomit.com"," 3224 16-street"," Sacramento"," CA"," 24724 ");
INSERT IGNORE INTO customer( customer_id, phone_number, email, customer_street, customer_city, customer_state, customer_zip ) VALUES(" 53-5128822"," 4265505072"," ckolmetz@warephase.com"," 8251 15-street"," Arlington"," LA"," 83488 ");
INSERT IGNORE INTO customer( customer_id, phone_number, email, customer_street, customer_city, customer_state, customer_zip ) VALUES(" B4543107001"," 6430223893"," cleto@ontomedia.com"," 3244 1-street"," Plano"," NV"," 60791 ");
INSERT IGNORE INTO customer( customer_id, phone_number, email, customer_street, customer_city, customer_state, customer_zip ) VALUES(" C7154501254"," 2413273945"," cpadilla@codehow.com"," 9723 1-street"," Chandler"," TX"," 94525 ");
INSERT IGNORE INTO customer( customer_id, phone_number, email, customer_street, customer_city, customer_state, customer_zip ) VALUES(" B6711015012"," 1187497771"," cstoltzman@rundofase.com"," 5437 3-street"," Irving"," AZ"," 89091 ");
INSERT IGNORE INTO customer( customer_id, phone_number, email, customer_street, customer_city, customer_state, customer_zip ) VALUES(" 38-0990951"," 1325956157"," dbrucato@plexzap.com"," 8359 17-street"," Colorado Springs"," NE"," 37713 ");
INSERT IGNORE INTO customer( customer_id, phone_number, email, customer_street, customer_city, customer_state, customer_zip ) VALUES(" B2804248768"," 7239819567"," ddilello@rantouch.com"," 5496 3-street"," Denver"," CO"," 6934 ");
INSERT IGNORE INTO customer( customer_id, phone_number, email, customer_street, customer_city, customer_state, customer_zip ) VALUES(" C8244565014"," 4406850849"," dengelberg@rantouch.com"," 914 20-street"," San Antonio"," TX"," 68448 ");
INSERT IGNORE INTO customer( customer_id, phone_number, email, customer_street, customer_city, customer_state, customer_zip ) VALUES(" B3151226118"," 505368401"," dferencz@konex.com"," 1013 15-street"," Chula Vista"," IN"," 16752 ");
INSERT IGNORE INTO customer( customer_id, phone_number, email, customer_street, customer_city, customer_state, customer_zip ) VALUES(" A6434991693"," 9796761201"," dgalam@lexiqvolax.com"," 2852 9-street"," Reno"," VA"," 59227 ");
INSERT IGNORE INTO customer( customer_id, phone_number, email, customer_street, customer_city, customer_state, customer_zip ) VALUES(" A7120700731"," 6663567812"," dhoneywell@blackzim.com"," 3860 16-street"," Stockton"," OH"," 70202 ");
INSERT IGNORE INTO customer( customer_id, phone_number, email, customer_street, customer_city, customer_state, customer_zip ) VALUES(" 73-9308544"," 692888034"," dkaniecki@funholding.com"," 142 16-street"," Los Angeles"," CA"," 70143 ");
INSERT IGNORE INTO customer( customer_id, phone_number, email, customer_street, customer_city, customer_state, customer_zip ) VALUES(" 09-2477131"," 527694166"," dmiro@rundofase.com"," 1297 8-street"," Raleigh"," FL"," 54202 ");
INSERT IGNORE INTO customer( customer_id, phone_number, email, customer_street, customer_city, customer_state, customer_zip ) VALUES(" C8989750395"," 6222810837"," donofrio@warephase.com"," 2749 6-street"," Charlotte"," NC"," 98482 ");
INSERT IGNORE INTO customer( customer_id, phone_number, email, customer_street, customer_city, customer_state, customer_zip ) VALUES(" D1162502438"," 1680591543"," dperin@doncon.com"," 8884 9-street"," Sacramento"," CA"," 56712 ");
INSERT IGNORE INTO customer( customer_id, phone_number, email, customer_street, customer_city, customer_state, customer_zip ) VALUES(" B6148685373"," 3331922115"," dsarao@golddex.com"," 4454 14-street"," Buffalo"," NJ"," 98345 ");
INSERT IGNORE INTO customer( customer_id, phone_number, email, customer_street, customer_city, customer_state, customer_zip ) VALUES(" D4435428566"," 9596403978"," dsetter@zumgoity.com"," 9246 12-street"," Corpus Christi"," KY"," 96337 ");
INSERT IGNORE INTO customer( customer_id, phone_number, email, customer_street, customer_city, customer_state, customer_zip ) VALUES(" 15-6515230"," 3845738997"," dyglesias@silis.com"," 840 4-street"," Oakland"," MN"," 18815 ");
INSERT IGNORE INTO customer( customer_id, phone_number, email, customer_street, customer_city, customer_state, customer_zip ) VALUES(" 43-4733948"," 6670173598"," earedondo@scottech.com"," 8485 9-street"," Fort Worth"," TX"," 38021 ");
INSERT IGNORE INTO customer( customer_id, phone_number, email, customer_street, customer_city, customer_state, customer_zip ) VALUES(" A2628970055"," 5858632305"," ebaltimore@singletechno.com"," 6792 5-street"," Jacksonville"," FL"," 71766 ");
INSERT IGNORE INTO customer( customer_id, phone_number, email, customer_street, customer_city, customer_state, customer_zip ) VALUES(" D7934013852"," 7269642762"," ebarfield@betasoloin.com"," 2150 20-street"," San Francisco"," CA"," 69842 ");
INSERT IGNORE INTO customer( customer_id, phone_number, email, customer_street, customer_city, customer_state, customer_zip ) VALUES(" C3304949185"," 7732242202"," ejuhas@warephase.com"," 9582 11-street"," Seattle"," WA"," 96264 ");
INSERT IGNORE INTO customer( customer_id, phone_number, email, customer_street, customer_city, customer_state, customer_zip ) VALUES(" C5517920862"," 5318388770"," ekines@donware.com"," 419 6-street"," Columbus"," OH"," 7051 ");
INSERT IGNORE INTO customer( customer_id, phone_number, email, customer_street, customer_city, customer_state, customer_zip ) VALUES(" D7770361115"," 389051409"," eluczki@hatfan.com"," 3968 4-street"," Newark"," TX"," 26131 ");
INSERT IGNORE INTO customer( customer_id, phone_number, email, customer_street, customer_city, customer_state, customer_zip ) VALUES(" 66-0947691"," 8269013055"," emauson@konmatfix.com"," 6556 12-street"," Oakland"," MN"," 27258 ");
INSERT IGNORE INTO customer( customer_id, phone_number, email, customer_street, customer_city, customer_state, customer_zip ) VALUES(" 00-6186900"," 6422597429"," epalaspas@stanredtax.com"," 7367 5-street"," Minneapolis"," OK"," 78814 ");
INSERT IGNORE INTO customer( customer_id, phone_number, email, customer_street, customer_city, customer_state, customer_zip ) VALUES(" B7658453163"," 8468971957"," eschieler@blackzim.com"," 6810 18-street"," Indianapolis"," IN"," 13749 ");
INSERT IGNORE INTO customer( customer_id, phone_number, email, customer_street, customer_city, customer_state, customer_zip ) VALUES(" 97-4309225"," 6460745453"," estockham@y-corporation.com"," 6657 14-street"," Dallas"," TX"," 44760 ");
INSERT IGNORE INTO customer( customer_id, phone_number, email, customer_street, customer_city, customer_state, customer_zip ) VALUES(" B6684374397"," 9396666663"," ezurcher@bioplex.com"," 6175 17-street"," Jacksonville"," FL"," 13791 ");
INSERT IGNORE INTO customer( customer_id, phone_number, email, customer_street, customer_city, customer_state, customer_zip ) VALUES(" A3747937972"," 1387530559"," faquas@scottech.com"," 5376 2-street"," Arlington"," LA"," 78037 ");
INSERT IGNORE INTO customer( customer_id, phone_number, email, customer_street, customer_city, customer_state, customer_zip ) VALUES(" 80-2924796"," 1295867444"," fschemmer@toughzap.com"," 8540 3-street"," Anaheim"," CA"," 89578 ");
INSERT IGNORE INTO customer( customer_id, phone_number, email, customer_street, customer_city, customer_state, customer_zip ) VALUES(" 43-0143820"," 4869498938"," gcomnick@conecom.com"," 7817 19-street"," Memphis"," TN"," 6064 ");
INSERT IGNORE INTO customer( customer_id, phone_number, email, customer_street, customer_city, customer_state, customer_zip ) VALUES(" 08-9519988"," 583472854"," gleinenbach@betasoloin.com"," 3646 6-street"," Richmond"," CA"," 14113 ");
INSERT IGNORE INTO customer( customer_id, phone_number, email, customer_street, customer_city, customer_state, customer_zip ) VALUES(" C6972781026"," 5571476773"," hauffrey@domzoom.com"," 7876 13-street"," Anchorage"," CA"," 60946 ");
INSERT IGNORE INTO customer( customer_id, phone_number, email, customer_street, customer_city, customer_state, customer_zip ) VALUES(" 34-4111553"," 3880267245"," hauffrey@sunnamplex.com"," 3597 2-street"," Fort Worth"," TX"," 16909 ");
INSERT IGNORE INTO customer( customer_id, phone_number, email, customer_street, customer_city, customer_state, customer_zip ) VALUES(" 26-0493429"," 1382305220"," hcaiafa@codehow.com"," 7260 3-street"," Sacramento"," CA"," 45101 ");
INSERT IGNORE INTO customer( customer_id, phone_number, email, customer_street, customer_city, customer_state, customer_zip ) VALUES(" C1404134532"," 3908583441"," hherritt@dalttechnology.com"," 7044 16-street"," Dallas"," TX"," 53850 ");
INSERT IGNORE INTO customer( customer_id, phone_number, email, customer_street, customer_city, customer_state, customer_zip ) VALUES(" A4363352704"," 6744378134"," hmontezuma@donware.com"," 648 12-street"," North Las Vegas"," CA"," 54125 ");
INSERT IGNORE INTO customer( customer_id, phone_number, email, customer_street, customer_city, customer_state, customer_zip ) VALUES(" B7916407234"," 9680830274"," hwaymire@newex.com"," 1130 3-street"," Baltimore"," OK"," 28902 ");
INSERT IGNORE INTO customer( customer_id, phone_number, email, customer_street, customer_city, customer_state, customer_zip ) VALUES(" 35-0728111"," 4968436811"," ibrucato@stanredtax.com"," 5872 2-street"," Santa Ana"," MO"," 63822 ");
INSERT IGNORE INTO customer( customer_id, phone_number, email, customer_street, customer_city, customer_state, customer_zip ) VALUES(" C7731551051"," 9353320487"," ijayson@cancity.com"," 7754 16-street"," Charlotte"," NC"," 89983 ");
INSERT IGNORE INTO customer( customer_id, phone_number, email, customer_street, customer_city, customer_state, customer_zip ) VALUES(" C2448589066"," 3761032673"," jbiddy@iselectrics.com"," 200 18-street"," Lincoln"," NY"," 65794 ");
INSERT IGNORE INTO customer( customer_id, phone_number, email, customer_street, customer_city, customer_state, customer_zip ) VALUES(" C3686964342"," 8898240201"," jdemesa@scottech.com"," 9597 6-street"," Garland"," FL"," 23856 ");
INSERT IGNORE INTO customer( customer_id, phone_number, email, customer_street, customer_city, customer_state, customer_zip ) VALUES(" A2840015188"," 3742674013"," jfern@bioplex.com"," 793 8-street"," New York"," NY"," 99051 ");
INSERT IGNORE INTO customer( customer_id, phone_number, email, customer_street, customer_city, customer_state, customer_zip ) VALUES(" A9800617405"," 7988113075"," jfigeroa@faxquote.com"," 9685 2-street"," Boston"," TN"," 22976 ");
INSERT IGNORE INTO customer( customer_id, phone_number, email, customer_street, customer_city, customer_state, customer_zip ) VALUES(" B0504258873"," 1574497569"," jfortino@finjob.com"," 7535 13-street"," New Orleans"," CA"," 21560 ");
INSERT IGNORE INTO customer( customer_id, phone_number, email, customer_street, customer_city, customer_state, customer_zip ) VALUES(" C3701564618"," 3915729799"," jglick@goodsilron.com"," 6402 7-street"," Irvine"," NC"," 16724 ");
INSERT IGNORE INTO customer( customer_id, phone_number, email, customer_street, customer_city, customer_state, customer_zip ) VALUES(" D7751875993"," 4754848228"," jgotter@dontechi.com"," 5969 13-street"," Buffalo"," NJ"," 66988 ");
INSERT IGNORE INTO customer( customer_id, phone_number, email, customer_street, customer_city, customer_state, customer_zip ) VALUES(" C6885206034"," 5596686485"," jkoppinger@bioplex.com"," 4940 2-street"," Anaheim"," CA"," 79483 ");
INSERT IGNORE INTO customer( customer_id, phone_number, email, customer_street, customer_city, customer_state, customer_zip ) VALUES(" 12-2459515"," 1267381896"," jlindall@kinnamplus.com"," 2802 21-street"," North Las Vegas"," CA"," 82749 ");
INSERT IGNORE INTO customer( customer_id, phone_number, email, customer_street, customer_city, customer_state, customer_zip ) VALUES(" B8740149731"," 4184402236"," jlukasik@xx-holding.com"," 9487 7-street"," Cleveland"," KS"," 17954 ");
INSERT IGNORE INTO customer( customer_id, phone_number, email, customer_street, customer_city, customer_state, customer_zip ) VALUES(" A4708877275"," 8250500917"," jmunis@gogozoom.com"," 5943 8-street"," Wichita"," TX"," 29847 ");
INSERT IGNORE INTO customer( customer_id, phone_number, email, customer_street, customer_city, customer_state, customer_zip ) VALUES(" A5932340550"," 9161351894"," jpinilla@openlane.com"," 1838 2-street"," Mesa"," VA"," 21902 ");
INSERT IGNORE INTO customer( customer_id, phone_number, email, customer_street, customer_city, customer_state, customer_zip ) VALUES(" D8463845828"," 6762288681"," jwitten@toughzap.com"," 3171 20-street"," Nashville-Davidson"," MD"," 86587 ");
INSERT IGNORE INTO customer( customer_id, phone_number, email, customer_street, customer_city, customer_state, customer_zip ) VALUES(" A6657577671"," 5654051915"," kbourbon@scotfind.com"," 3155 3-street"," Las Vegas"," WI"," 9573 ");
INSERT IGNORE INTO customer( customer_id, phone_number, email, customer_street, customer_city, customer_state, customer_zip ) VALUES(" 68-0050695"," 4190403055"," kehmann@newex.com"," 9564 6-street"," San Diego"," CA"," 14868 ");
INSERT IGNORE INTO customer( customer_id, phone_number, email, customer_street, customer_city, customer_state, customer_zip ) VALUES(" A0519346932"," 663692676"," kfarrow@gogozoom.com"," 2241 9-street"," St. Paul"," OH"," 9779 ");
INSERT IGNORE INTO customer( customer_id, phone_number, email, customer_street, customer_city, customer_state, customer_zip ) VALUES(" C1550981362"," 675048928"," kgudroe@plussunin.com"," 4876 9-street"," Lexington-Fayette"," PA"," 27546 ");
INSERT IGNORE INTO customer( customer_id, phone_number, email, customer_street, customer_city, customer_state, customer_zip ) VALUES(" D2619628333"," 3232843344"," khalter@betatech.com"," 6938 7-street"," Albuquerque"," AZ"," 92207 ");
INSERT IGNORE INTO customer( customer_id, phone_number, email, customer_street, customer_city, customer_state, customer_zip ) VALUES(" C9808620269"," 4902392607"," kkippley@stanredtax.com"," 1228 6-street"," Hialeah"," NV"," 21726 ");
INSERT IGNORE INTO customer( customer_id, phone_number, email, customer_street, customer_city, customer_state, customer_zip ) VALUES(" D1610396701"," 9460075046"," klace@finjob.com"," 609 14-street"," Omaha"," NC"," 98545 ");
INSERT IGNORE INTO customer( customer_id, phone_number, email, customer_street, customer_city, customer_state, customer_zip ) VALUES(" C2744068306"," 2533720672"," lahle@goodsilron.com"," 3433 21-street"," Jersey City"," CA"," 97554 ");
INSERT IGNORE INTO customer( customer_id, phone_number, email, customer_street, customer_city, customer_state, customer_zip ) VALUES(" 88-2511678"," 5588339447"," lbevelacqua@konmatfix.com"," 7730 4-street"," Tampa"," HI"," 19012 ");
INSERT IGNORE INTO customer( customer_id, phone_number, email, customer_street, customer_city, customer_state, customer_zip ) VALUES(" 38-5715366"," 1734123340"," lcorbley@goodsilron.com"," 9429 5-street"," Irvine"," NC"," 23551 ");
INSERT IGNORE INTO customer( customer_id, phone_number, email, customer_street, customer_city, customer_state, customer_zip ) VALUES(" 53-2746024"," 3963753798"," lehmann@dontechi.com"," 7687 5-street"," Atlanta"," CO"," 18500 ");
INSERT IGNORE INTO customer( customer_id, phone_number, email, customer_street, customer_city, customer_state, customer_zip ) VALUES(" A0953343682"," 6850141056"," lferencz@streethex.com"," 7582 7-street"," Fort Wayne"," FL"," 97639 ");
INSERT IGNORE INTO customer( customer_id, phone_number, email, customer_street, customer_city, customer_state, customer_zip ) VALUES(" A8940446385"," 9991476373"," lgillaspie@zencorporation.com"," 9349 13-street"," Reno"," VA"," 3955 ");
INSERT IGNORE INTO customer( customer_id, phone_number, email, customer_street, customer_city, customer_state, customer_zip ) VALUES(" B1467621707"," 3539684893"," lhalter@openlane.com"," 350 5-street"," Colorado Springs"," NE"," 8954 ");
INSERT IGNORE INTO customer( customer_id, phone_number, email, customer_street, customer_city, customer_state, customer_zip ) VALUES(" 94-0706896"," 9953808583"," lhaufler@zathunicon.com"," 2797 5-street"," El Paso"," TX"," 45787 ");
INSERT IGNORE INTO customer( customer_id, phone_number, email, customer_street, customer_city, customer_state, customer_zip ) VALUES(" B4683383831"," 6582231709"," lhoffis@singletechno.com"," 5810 1-street"," Greensboro"," NJ"," 23981 ");
INSERT IGNORE INTO customer( customer_id, phone_number, email, customer_street, customer_city, customer_state, customer_zip ) VALUES(" A6482150674"," 6596733592"," ljurney@konmatfix.com"," 6627 16-street"," Charlotte"," NC"," 38430 ");
INSERT IGNORE INTO customer( customer_id, phone_number, email, customer_street, customer_city, customer_state, customer_zip ) VALUES(" 12-8194115"," 9935571206"," lkeener@betasoloin.com"," 9593 5-street"," Philadelphia"," PA"," 14670 ");
INSERT IGNORE INTO customer( customer_id, phone_number, email, customer_street, customer_city, customer_state, customer_zip ) VALUES(" D9431249359"," 1675218251"," llinahan@finjob.com"," 5462 20-street"," Denver"," CO"," 59180 ");
INSERT IGNORE INTO customer( customer_id, phone_number, email, customer_street, customer_city, customer_state, customer_zip ) VALUES(" A1543433846"," 6568801094"," lmonarrez@doncon.com"," 6786 21-street"," Scottsdale"," NV"," 80515 ");
INSERT IGNORE INTO customer( customer_id, phone_number, email, customer_street, customer_city, customer_state, customer_zip ) VALUES(" B0585188333"," 6254507435"," lpawlowicz@gogozoom.com"," 9893 13-street"," Madison"," TX"," 95139 ");
INSERT IGNORE INTO customer( customer_id, phone_number, email, customer_street, customer_city, customer_state, customer_zip ) VALUES(" B0664933596"," 2702089410"," lrantanen@plusstrip.com"," 5202 20-street"," Fort Worth"," TX"," 91740 ");
INSERT IGNORE INTO customer( customer_id, phone_number, email, customer_street, customer_city, customer_state, customer_zip ) VALUES(" A8352857373"," 247749496"," lrhoden@golddex.com"," 8102 19-street"," Los Angeles"," CA"," 14989 ");
INSERT IGNORE INTO customer( customer_id, phone_number, email, customer_street, customer_city, customer_state, customer_zip ) VALUES(" A7690497079"," 9509224748"," lshinko@plussunin.com"," 4666 10-street"," Boston"," TN"," 61462 ");
INSERT IGNORE INTO customer( customer_id, phone_number, email, customer_street, customer_city, customer_state, customer_zip ) VALUES(" 27-2108866"," 2765842516"," ltegarden@scotfind.com"," 4630 14-street"," Charlotte"," NC"," 91338 ");
INSERT IGNORE INTO customer( customer_id, phone_number, email, customer_street, customer_city, customer_state, customer_zip ) VALUES(" A5441879198"," 5896714927"," ltomasulo@blackzim.com"," 8634 11-street"," San Francisco"," CA"," 98229 ");
INSERT IGNORE INTO customer( customer_id, phone_number, email, customer_street, customer_city, customer_state, customer_zip ) VALUES(" A6448389020"," 6411017442"," mbutt@plexzap.com"," 2910 16-street"," Fort Worth"," TX"," 68619 ");
INSERT IGNORE INTO customer( customer_id, phone_number, email, customer_street, customer_city, customer_state, customer_zip ) VALUES(" D9635369685"," 9919665090"," mcentini@singletechno.com"," 5345 16-street"," Reno"," VA"," 79485 ");
INSERT IGNORE INTO customer( customer_id, phone_number, email, customer_street, customer_city, customer_state, customer_zip ) VALUES(" D1451097081"," 9342834158"," mdilello@openlane.com"," 5573 7-street"," Bakersfield"," FL"," 54549 ");
INSERT IGNORE INTO customer( customer_id, phone_number, email, customer_street, customer_city, customer_state, customer_zip ) VALUES(" A3961543582"," 1579571338"," mharoldson@sumace.com"," 4203 19-street"," Los Angeles"," CA"," 95231 ");
INSERT IGNORE INTO customer( customer_id, phone_number, email, customer_street, customer_city, customer_state, customer_zip ) VALUES(" A4237394300"," 4940003129"," mmalvin@funholding.com"," 4019 5-street"," Aurora"," CA"," 53539 ");
INSERT IGNORE INTO customer( customer_id, phone_number, email, customer_street, customer_city, customer_state, customer_zip ) VALUES(" 18-6868850"," 4943302000"," nboord@betatech.com"," 8045 10-street"," Memphis"," TN"," 26029 ");
INSERT IGNORE INTO customer( customer_id, phone_number, email, customer_street, customer_city, customer_state, customer_zip ) VALUES(" 96-4982785"," 7577794453"," ncolla@dambase.com"," 9934 21-street"," Oakland"," MN"," 43123 ");
INSERT IGNORE INTO customer( customer_id, phone_number, email, customer_street, customer_city, customer_state, customer_zip ) VALUES(" B3621247910"," 5753398951"," ndilliard@hottechi.com"," 9510 18-street"," Long Beach"," MO"," 9794 ");
INSERT IGNORE INTO customer( customer_id, phone_number, email, customer_street, customer_city, customer_state, customer_zip ) VALUES(" D0838982647"," 2831852567"," ngiguere@silis.com"," 9998 18-street"," Nashville-Davidson"," MD"," 74375 ");
INSERT IGNORE INTO customer( customer_id, phone_number, email, customer_street, customer_city, customer_state, customer_zip ) VALUES(" D5555586904"," 8502719603"," nperez@blackzim.com"," 2904 21-street"," Memphis"," TN"," 41308 ");
INSERT IGNORE INTO customer( customer_id, phone_number, email, customer_street, customer_city, customer_state, customer_zip ) VALUES(" C3670850732"," 1678547402"," nschemmer@zencorporation.com"," 3726 8-street"," Baltimore"," OK"," 33994 ");
INSERT IGNORE INTO customer( customer_id, phone_number, email, customer_street, customer_city, customer_state, customer_zip ) VALUES(" D5653451679"," 5466289697"," nsemidey@blackzim.com"," 5274 2-street"," New York"," NY"," 5501 ");
INSERT IGNORE INTO customer( customer_id, phone_number, email, customer_street, customer_city, customer_state, customer_zip ) VALUES(" A0891946418"," 8315356658"," ntoelkes@iselectrics.com"," 8050 11-street"," Henderson"," NE"," 94296 ");
INSERT IGNORE INTO customer( customer_id, phone_number, email, customer_street, customer_city, customer_state, customer_zip ) VALUES(" D7757448068"," 1020207641"," oostrosky@faxquote.com"," 1895 11-street"," Fort Worth"," TX"," 54411 ");
INSERT IGNORE INTO customer( customer_id, phone_number, email, customer_street, customer_city, customer_state, customer_zip ) VALUES(" B4745861576"," 9248918714"," pmartabano@doncon.com"," 2985 14-street"," Los Angeles"," CA"," 87682 ");
INSERT IGNORE INTO customer( customer_id, phone_number, email, customer_street, customer_city, customer_state, customer_zip ) VALUES(" B7298707408"," 8985019834"," qcantres@lexiqvolax.com"," 4691 12-street"," Minneapolis"," OK"," 93225 ");
INSERT IGNORE INTO customer( customer_id, phone_number, email, customer_street, customer_city, customer_state, customer_zip ) VALUES(" 25-2484659"," 8606030011"," rblackwood@y-corporation.com"," 4833 11-street"," Austin"," TX"," 2720 ");
INSERT IGNORE INTO customer( customer_id, phone_number, email, customer_street, customer_city, customer_state, customer_zip ) VALUES(" A1953394969"," 4856335522"," rdelasancha@stanredtax.com"," 5214 17-street"," St. Louis"," CA"," 66315 ");
INSERT IGNORE INTO customer( customer_id, phone_number, email, customer_street, customer_city, customer_state, customer_zip ) VALUES(" 75-4600214"," 1320896761"," rgato@bioholding.com"," 439 15-street"," Bakersfield"," FL"," 32198 ");
INSERT IGNORE INTO customer( customer_id, phone_number, email, customer_street, customer_city, customer_state, customer_zip ) VALUES(" C7482916743"," 8937050319"," rmaynerich@zumgoity.com"," 9964 12-street"," New York"," NY"," 2933 ");
INSERT IGNORE INTO customer( customer_id, phone_number, email, customer_street, customer_city, customer_state, customer_zip ) VALUES(" 93-6088457"," 2299669538"," rreiber@dalttechnology.com"," 4899 2-street"," Detroit"," MI"," 49663 ");
INSERT IGNORE INTO customer( customer_id, phone_number, email, customer_street, customer_city, customer_state, customer_zip ) VALUES(" B5930662838"," 4584955666"," rskulski@sonron.com"," 3367 4-street"," Madison"," TX"," 13950 ");
INSERT IGNORE INTO customer( customer_id, phone_number, email, customer_street, customer_city, customer_state, customer_zip ) VALUES(" D9745941406"," 4246621714"," scloney@konmatfix.com"," 5861 16-street"," Kansas City"," AZ"," 24586 ");
INSERT IGNORE INTO customer( customer_id, phone_number, email, customer_street, customer_city, customer_state, customer_zip ) VALUES(" A6819485677"," 4915233597"," scomnick@streethex.com"," 3460 15-street"," Chicago"," IL"," 61708 ");
INSERT IGNORE INTO customer( customer_id, phone_number, email, customer_street, customer_city, customer_state, customer_zip ) VALUES(" B1872571043"," 3963308236"," sgiguere@finjob.com"," 3394 11-street"," Virginia Beach"," GA"," 21078 ");
INSERT IGNORE INTO customer( customer_id, phone_number, email, customer_street, customer_city, customer_state, customer_zip ) VALUES(" D6463541439"," 7180122511"," sisaacs@goodsilron.com"," 3397 3-street"," Denver"," CO"," 91136 ");
INSERT IGNORE INTO customer( customer_id, phone_number, email, customer_street, customer_city, customer_state, customer_zip ) VALUES(" B7770854372"," 1374181394"," smaybury@bioplex.com"," 3096 19-street"," Baton Rouge"," TX"," 62255 ");
INSERT IGNORE INTO customer( customer_id, phone_number, email, customer_street, customer_city, customer_state, customer_zip ) VALUES(" C0188223064"," 1455563822"," svinning@domzoom.com"," 712 19-street"," Houston"," TX"," 4775 ");
INSERT IGNORE INTO customer( customer_id, phone_number, email, customer_street, customer_city, customer_state, customer_zip ) VALUES(" 62-2765556"," 5857219334"," sweight@dalttechnology.com"," 5406 12-street"," Santa Ana"," MO"," 67088 ");
INSERT IGNORE INTO customer( customer_id, phone_number, email, customer_street, customer_city, customer_state, customer_zip ) VALUES(" C4429219457"," 7577634102"," tbachman@konex.com"," 237 5-street"," St. Louis"," CA"," 43201 ");
INSERT IGNORE INTO customer( customer_id, phone_number, email, customer_street, customer_city, customer_state, customer_zip ) VALUES(" 75-7314641"," 2122687338"," tbartolet@xx-holding.com"," 8458 18-street"," Nashville-Davidson"," MD"," 64729 ");
INSERT IGNORE INTO customer( customer_id, phone_number, email, customer_street, customer_city, customer_state, customer_zip ) VALUES(" C7245495659"," 2977557657"," tfrerking@plexzap.com"," 7175 16-street"," Cincinnati"," MN"," 17189 ");
INSERT IGNORE INTO customer( customer_id, phone_number, email, customer_street, customer_city, customer_state, customer_zip ) VALUES(" C9903567737"," 5201367484"," tfunnell@zoomit.com"," 3334 8-street"," Austin"," TX"," 72284 ");
INSERT IGNORE INTO customer( customer_id, phone_number, email, customer_street, customer_city, customer_state, customer_zip ) VALUES(" B2906209149"," 2294596620"," titurbide@rangreen.com"," 9483 7-street"," Anchorage"," CA"," 68807 ");
INSERT IGNORE INTO customer( customer_id, phone_number, email, customer_street, customer_city, customer_state, customer_zip ) VALUES(" C6508528685"," 2738568375"," tlinahan@labdrill.com"," 1604 1-street"," Omaha"," NC"," 3539 ");
INSERT IGNORE INTO customer( customer_id, phone_number, email, customer_street, customer_city, customer_state, customer_zip ) VALUES(" B1897119906"," 213399946"," tmconnell@zumgoity.com"," 438 4-street"," Riverside"," TX"," 71675 ");
INSERT IGNORE INTO customer( customer_id, phone_number, email, customer_street, customer_city, customer_state, customer_zip ) VALUES(" 10-1885341"," 718891515"," tperin@blackzim.com"," 6078 4-street"," Anchorage"," CA"," 89677 ");
INSERT IGNORE INTO customer( customer_id, phone_number, email, customer_street, customer_city, customer_state, customer_zip ) VALUES(" B6645695262"," 291639883"," tradde@stanredtax.com"," 196 14-street"," San Diego"," CA"," 63845 ");
INSERT IGNORE INTO customer( customer_id, phone_number, email, customer_street, customer_city, customer_state, customer_zip ) VALUES(" B3716300300"," 5341057929"," tregusters@ganjaflex.com"," 9675 2-street"," Jersey City"," CA"," 70105 ");
INSERT IGNORE INTO customer( customer_id, phone_number, email, customer_street, customer_city, customer_state, customer_zip ) VALUES(" A5116094170"," 8862184577"," vparvis@opentech.com"," 7282 17-street"," Plano"," NV"," 12480 ");
INSERT IGNORE INTO customer( customer_id, phone_number, email, customer_street, customer_city, customer_state, customer_zip ) VALUES(" C1317447002"," 5788081288"," wbreland@konmatfix.com"," 2359 5-street"," Oklahoma City"," KY"," 68456 ");
INSERT IGNORE INTO customer( customer_id, phone_number, email, customer_street, customer_city, customer_state, customer_zip ) VALUES(" 19-6241359"," 9203540780"," whengel@plexzap.com"," 5374 19-street"," Gilbert"," LA"," 18192 ");
INSERT IGNORE INTO customer( customer_id, phone_number, email, customer_street, customer_city, customer_state, customer_zip ) VALUES(" C4179179446"," 4752675684"," xgochal@donquadtech.com"," 8284 1-street"," Tucson"," CA"," 49195 ");
INSERT IGNORE INTO customer( customer_id, phone_number, email, customer_street, customer_city, customer_state, customer_zip ) VALUES(" 39-7861291"," 6799503633"," xscheyer@warephase.com"," 4826 21-street"," Baltimore"," OK"," 48572 ");
INSERT IGNORE INTO customer( customer_id, phone_number, email, customer_street, customer_city, customer_state, customer_zip ) VALUES(" B5327595424"," 8740455825"," ydegroot@stanredtax.com"," 9146 8-street"," Oklahoma City"," KY"," 78936 ");
INSERT IGNORE INTO customer( customer_id, phone_number, email, customer_street, customer_city, customer_state, customer_zip ) VALUES(" B9167611164"," 706470748"," yfelger@groovestreet.com"," 2680 7-street"," Baltimore"," OK"," 83300 ");
INSERT IGNORE INTO customer( customer_id, phone_number, email, customer_street, customer_city, customer_state, customer_zip ) VALUES(" B4645539147"," 4303290648"," ykonopacki@plusstrip.com"," 1138 17-street"," St. Petersburg"," AZ"," 99882 ");
INSERT IGNORE INTO customer( customer_id, phone_number, email, customer_street, customer_city, customer_state, customer_zip ) VALUES(" B0118879496"," 1252295282"," yturinetti@j-texon.com"," 5310 19-street"," Cincinnati"," MN"," 83089 ");
INSERT IGNORE INTO customer( customer_id, phone_number, email, customer_street, customer_city, customer_state, customer_zip ) VALUES(" 21-0607602"," 1352389656"," nan"," 5697 4-street"," Lexington-Fayette"," PA"," 64481 ");
INSERT IGNORE INTO customer( customer_id, phone_number, email, customer_street, customer_city, customer_state, customer_zip ) VALUES(" 33-3122572"," 3347958726"," nan"," 8743 3-street"," Albuquerque"," AZ"," 57095 ");
INSERT IGNORE INTO customer( customer_id, phone_number, email, customer_street, customer_city, customer_state, customer_zip ) VALUES(" 60-8943972"," 1326205709"," nan"," 8257 14-street"," Norfolk"," NC"," 96993 ");
INSERT IGNORE INTO customer( customer_id, phone_number, email, customer_street, customer_city, customer_state, customer_zip ) VALUES(" D1490490202"," 838636926"," nan"," 8665 18-street"," Detroit"," MI"," 89762 ");
INSERT IGNORE INTO customer( customer_id, phone_number, email, customer_street, customer_city, customer_state, customer_zip ) VALUES(" B7825808469"," 1107569648"," nan"," 5135 21-street"," Los Angeles"," CA"," 16330 ");
INSERT IGNORE INTO customer( customer_id, phone_number, email, customer_street, customer_city, customer_state, customer_zip ) VALUES(" B0676368739"," 1577607406"," nan"," 63 19-street"," Orlando"," FL"," 68407 ");
INSERT IGNORE INTO customer( customer_id, phone_number, email, customer_street, customer_city, customer_state, customer_zip ) VALUES(" D2548986249"," 2563801437"," nan"," 5398 12-street"," Lubbock"," CA"," 18344 ");
INSERT IGNORE INTO customer( customer_id, phone_number, email, customer_street, customer_city, customer_state, customer_zip ) VALUES(" A2156704547"," 5575984000"," nan"," 9824 9-street"," Wichita"," TX"," 12236 ");
INSERT IGNORE INTO customer( customer_id, phone_number, email, customer_street, customer_city, customer_state, customer_zip ) VALUES(" C1394323936"," 7150655947"," nan"," 9534 1-street"," Glendale"," TX"," 71607 ");
INSERT IGNORE INTO customer( customer_id, phone_number, email, customer_street, customer_city, customer_state, customer_zip ) VALUES(" D3829841679"," 9481709095"," nan"," 703 20-street"," Fort Worth"," TX"," 58757 ");

INSERT IGNORE INTO business( customer_id, tax_identification_number, business_name, primary_contact_name, primary_contact_title ) VALUES(" 00-6186900"," 00-6186900"," Labdrill"," Olive Kiel"," Manager L3 ");
INSERT IGNORE INTO business( customer_id, tax_identification_number, business_name, primary_contact_name, primary_contact_title ) VALUES(" 08-9519988"," 08-9519988"," Hatfan"," Maurine Briddick"," Associate Manager M8 ");
INSERT IGNORE INTO business( customer_id, tax_identification_number, business_name, primary_contact_name, primary_contact_title ) VALUES(" 09-2477131"," 09-2477131"," year-job"," Jerry Darakjy"," Scientist L2 ");
INSERT IGNORE INTO business( customer_id, tax_identification_number, business_name, primary_contact_name, primary_contact_title ) VALUES(" 10-1885341"," 10-1885341"," Betatech"," Lai Shin"," Senior Scientist R1 ");
INSERT IGNORE INTO business( customer_id, tax_identification_number, business_name, primary_contact_name, primary_contact_title ) VALUES(" 12-2459515"," 12-2459515"," Nam-zim"," Lonny Marrier"," SalesRep M9 ");
INSERT IGNORE INTO business( customer_id, tax_identification_number, business_name, primary_contact_name, primary_contact_title ) VALUES(" 12-8194115"," 12-8194115"," Hottechi"," Katina Layous"," Scientist M9 ");
INSERT IGNORE INTO business( customer_id, tax_identification_number, business_name, primary_contact_name, primary_contact_title ) VALUES(" 15-6515230"," 15-6515230"," Yearin"," Taryn Slayton"," SalesRep L5 ");
INSERT IGNORE INTO business( customer_id, tax_identification_number, business_name, primary_contact_name, primary_contact_title ) VALUES(" 17-8311836"," 17-8311836"," Warephase"," Raymon Wenner"," Researcher M4 ");
INSERT IGNORE INTO business( customer_id, tax_identification_number, business_name, primary_contact_name, primary_contact_title ) VALUES(" 18-6868850"," 18-6868850"," Sunnamplex"," Lavonda Juvera"," Director R8 ");
INSERT IGNORE INTO business( customer_id, tax_identification_number, business_name, primary_contact_name, primary_contact_title ) VALUES(" 19-6241359"," 19-6241359"," dambase"," Tawna Tomasulo"," Associate Fellow M4 ");
INSERT IGNORE INTO business( customer_id, tax_identification_number, business_name, primary_contact_name, primary_contact_title ) VALUES(" 21-0607602"," 21-0607602"," Ron-tech"," Blair Sawchuk"," Senior Manager M4 ");
INSERT IGNORE INTO business( customer_id, tax_identification_number, business_name, primary_contact_name, primary_contact_title ) VALUES(" 25-2484659"," 25-2484659"," Groovestreet"," Paz Blunk"," Senior Director R8 ");
INSERT IGNORE INTO business( customer_id, tax_identification_number, business_name, primary_contact_name, primary_contact_title ) VALUES(" 25-8509075"," 25-8509075"," Zencorporation"," Eun Bolognia"," Senior Director M3 ");
INSERT IGNORE INTO business( customer_id, tax_identification_number, business_name, primary_contact_name, primary_contact_title ) VALUES(" 26-0493429"," 26-0493429"," Silis"," Kanisha Rowling"," Director M3 ");
INSERT IGNORE INTO business( customer_id, tax_identification_number, business_name, primary_contact_name, primary_contact_title ) VALUES(" 27-2108866"," 27-2108866"," Toughzap"," Ettie Shin"," Senior Director R8 ");
INSERT IGNORE INTO business( customer_id, tax_identification_number, business_name, primary_contact_name, primary_contact_title ) VALUES(" 33-3122572"," 33-3122572"," Blackzim"," Dominque Venere"," Senior Scientist M9 ");
INSERT IGNORE INTO business( customer_id, tax_identification_number, business_name, primary_contact_name, primary_contact_title ) VALUES(" 34-4111553"," 34-4111553"," Labdrill"," Alease Regusters"," Researcher L3 ");
INSERT IGNORE INTO business( customer_id, tax_identification_number, business_name, primary_contact_name, primary_contact_title ) VALUES(" 34-9450658"," 34-9450658"," Finhigh"," Mollie Nestle"," Senior Manager R8 ");
INSERT IGNORE INTO business( customer_id, tax_identification_number, business_name, primary_contact_name, primary_contact_title ) VALUES(" 35-0728111"," 35-0728111"," Fasehatice"," Chantell Kulzer"," Director R7 ");
INSERT IGNORE INTO business( customer_id, tax_identification_number, business_name, primary_contact_name, primary_contact_title ) VALUES(" 37-0917926"," 37-0917926"," Statholdings"," Frederica Lietz"," Senior Director L4 ");
INSERT IGNORE INTO business( customer_id, tax_identification_number, business_name, primary_contact_name, primary_contact_title ) VALUES(" 38-0990951"," 38-0990951"," Lexiqvolax"," Carmela Scipione"," Fellow R7 ");
INSERT IGNORE INTO business( customer_id, tax_identification_number, business_name, primary_contact_name, primary_contact_title ) VALUES(" 38-5715366"," 38-5715366"," J-Texon"," Louvenia Bevelacqua"," Senior Director L4 ");
INSERT IGNORE INTO business( customer_id, tax_identification_number, business_name, primary_contact_name, primary_contact_title ) VALUES(" 39-7861291"," 39-7861291"," Plexzap"," Carey Mconnell"," Associate Director L4 ");
INSERT IGNORE INTO business( customer_id, tax_identification_number, business_name, primary_contact_name, primary_contact_title ) VALUES(" 41-5753983"," 41-5753983"," Xx-zobam"," Vilma Bartolet"," Senior Director R9 ");
INSERT IGNORE INTO business( customer_id, tax_identification_number, business_name, primary_contact_name, primary_contact_title ) VALUES(" 43-0143820"," 43-0143820"," Plussunin"," Tresa Liukko"," Associate Fellow R3 ");
INSERT IGNORE INTO business( customer_id, tax_identification_number, business_name, primary_contact_name, primary_contact_title ) VALUES(" 43-4733948"," 43-4733948"," Goodsilron"," Lai Storment"," Associate Manager M7 ");
INSERT IGNORE INTO business( customer_id, tax_identification_number, business_name, primary_contact_name, primary_contact_title ) VALUES(" 53-2746024"," 53-2746024"," Warephase"," Hoa Varriano"," Associate Director M1 ");
INSERT IGNORE INTO business( customer_id, tax_identification_number, business_name, primary_contact_name, primary_contact_title ) VALUES(" 53-5128822"," 53-5128822"," Iselectrics"," Emerson Mirafuentes"," Associate Fellow M2 ");
INSERT IGNORE INTO business( customer_id, tax_identification_number, business_name, primary_contact_name, primary_contact_title ) VALUES(" 60-8943972"," 60-8943972"," Iselectrics"," Golda Raymo"," Senior Director L2 ");
INSERT IGNORE INTO business( customer_id, tax_identification_number, business_name, primary_contact_name, primary_contact_title ) VALUES(" 62-2765556"," 62-2765556"," Kan-code"," Truman Miro"," Senior Director L2 ");
INSERT IGNORE INTO business( customer_id, tax_identification_number, business_name, primary_contact_name, primary_contact_title ) VALUES(" 66-0947691"," 66-0947691"," Zotware"," Eladia Castros"," Senior Director M5 ");
INSERT IGNORE INTO business( customer_id, tax_identification_number, business_name, primary_contact_name, primary_contact_title ) VALUES(" 68-0050695"," 68-0050695"," Donware"," Markus Bruschke"," SalesRep R2 ");
INSERT IGNORE INTO business( customer_id, tax_identification_number, business_name, primary_contact_name, primary_contact_title ) VALUES(" 73-9308544"," 73-9308544"," Cancity"," Irma Monarrez"," Manager R8 ");
INSERT IGNORE INTO business( customer_id, tax_identification_number, business_name, primary_contact_name, primary_contact_title ) VALUES(" 75-4600214"," 75-4600214"," Ron-tech"," Ilene Fishburne"," Scientist R1 ");
INSERT IGNORE INTO business( customer_id, tax_identification_number, business_name, primary_contact_name, primary_contact_title ) VALUES(" 75-7314641"," 75-7314641"," Openlane"," France Gleich"," Manager R3 ");
INSERT IGNORE INTO business( customer_id, tax_identification_number, business_name, primary_contact_name, primary_contact_title ) VALUES(" 80-2924796"," 80-2924796"," J-Texon"," Twana Rulapaugh"," Researcher R5 ");
INSERT IGNORE INTO business( customer_id, tax_identification_number, business_name, primary_contact_name, primary_contact_title ) VALUES(" 88-2511678"," 88-2511678"," Inity"," Olive Lueckenbach"," Director R4 ");
INSERT IGNORE INTO business( customer_id, tax_identification_number, business_name, primary_contact_name, primary_contact_title ) VALUES(" 93-6088457"," 93-6088457"," Zencorporation"," Talia Vizarro"," Executive Manager R7 ");
INSERT IGNORE INTO business( customer_id, tax_identification_number, business_name, primary_contact_name, primary_contact_title ) VALUES(" 94-0706896"," 94-0706896"," Mathtouch"," Valentine Kulzer"," Senior Manager M1 ");
INSERT IGNORE INTO business( customer_id, tax_identification_number, business_name, primary_contact_name, primary_contact_title ) VALUES(" 96-4982785"," 96-4982785"," Bioholding"," Levi Chesterfield"," Senior Scientist M4 ");
INSERT IGNORE INTO business( customer_id, tax_identification_number, business_name, primary_contact_name, primary_contact_title ) VALUES(" 97-4309225"," 97-4309225"," Bioplex"," Janine Baltimore"," Senior Manager L2 ");



INSERT IGNORE INTO person( customer_id, driver_license_number, customer_first_name, customer_last_name ) VALUES(" B1897119906"," B1897119906"," Filiberto"," Limmel ");
INSERT IGNORE INTO person( customer_id, driver_license_number, customer_first_name, customer_last_name ) VALUES(" A8352857373"," A8352857373"," Felicidad"," Discipio ");
INSERT IGNORE INTO person( customer_id, driver_license_number, customer_first_name, customer_last_name ) VALUES(" B6645695262"," B6645695262"," Jose"," Calvaresi ");
INSERT IGNORE INTO person( customer_id, driver_license_number, customer_first_name, customer_last_name ) VALUES(" B4913696298"," B4913696298"," Raylene"," Zepp ");
INSERT IGNORE INTO person( customer_id, driver_license_number, customer_first_name, customer_last_name ) VALUES(" D7770361115"," D7770361115"," Luisa"," Malet ");
INSERT IGNORE INTO person( customer_id, driver_license_number, customer_first_name, customer_last_name ) VALUES(" B3151226118"," B3151226118"," Delisa"," Buvens ");
INSERT IGNORE INTO person( customer_id, driver_license_number, customer_first_name, customer_last_name ) VALUES(" A0519346932"," A0519346932"," Sarah"," Pawlowicz ");
INSERT IGNORE INTO person( customer_id, driver_license_number, customer_first_name, customer_last_name ) VALUES(" C1550981362"," C1550981362"," Glenna"," Newville ");
INSERT IGNORE INTO person( customer_id, driver_license_number, customer_first_name, customer_last_name ) VALUES(" B9167611164"," B9167611164"," Mitsue"," Diestel ");
INSERT IGNORE INTO person( customer_id, driver_license_number, customer_first_name, customer_last_name ) VALUES(" B2116633076"," B2116633076"," Wilda"," Fritz ");
INSERT IGNORE INTO person( customer_id, driver_license_number, customer_first_name, customer_last_name ) VALUES(" C1172628796"," C1172628796"," Jacqueline"," Shields ");
INSERT IGNORE INTO person( customer_id, driver_license_number, customer_first_name, customer_last_name ) VALUES(" D1490490202"," D1490490202"," Audry"," Wide ");
INSERT IGNORE INTO person( customer_id, driver_license_number, customer_first_name, customer_last_name ) VALUES(" D7757448068"," D7757448068"," Merilyn"," Maile ");
INSERT IGNORE INTO person( customer_id, driver_license_number, customer_first_name, customer_last_name ) VALUES(" B7825808469"," B7825808469"," Glendora"," Ennaco ");
INSERT IGNORE INTO person( customer_id, driver_license_number, customer_first_name, customer_last_name ) VALUES(" B6711015012"," B6711015012"," Mitsue"," Slusarski ");
INSERT IGNORE INTO person( customer_id, driver_license_number, customer_first_name, customer_last_name ) VALUES(" B0118879496"," B0118879496"," Sylvia"," Kitty ");
INSERT IGNORE INTO person( customer_id, driver_license_number, customer_first_name, customer_last_name ) VALUES(" C9736973233"," C9736973233"," Joesph"," Haufler ");
INSERT IGNORE INTO person( customer_id, driver_license_number, customer_first_name, customer_last_name ) VALUES(" B7770854372"," B7770854372"," Garry"," Schnitzler ");
INSERT IGNORE INTO person( customer_id, driver_license_number, customer_first_name, customer_last_name ) VALUES(" A3747937972"," A3747937972"," Leatha"," Batman ");
INSERT IGNORE INTO person( customer_id, driver_license_number, customer_first_name, customer_last_name ) VALUES(" B5428704297"," B5428704297"," Gracia"," Ennaco ");
INSERT IGNORE INTO person( customer_id, driver_license_number, customer_first_name, customer_last_name ) VALUES(" C0188223064"," C0188223064"," Mitsue"," Tomasulo ");
INSERT IGNORE INTO person( customer_id, driver_license_number, customer_first_name, customer_last_name ) VALUES(" B8838483933"," B8838483933"," Tamar"," Rodefer ");
INSERT IGNORE INTO person( customer_id, driver_license_number, customer_first_name, customer_last_name ) VALUES(" B0504258873"," B0504258873"," Merissa"," Wolny ");
INSERT IGNORE INTO person( customer_id, driver_license_number, customer_first_name, customer_last_name ) VALUES(" B0676368739"," B0676368739"," Refugia"," Riden ");
INSERT IGNORE INTO person( customer_id, driver_license_number, customer_first_name, customer_last_name ) VALUES(" A3961543582"," A3961543582"," Carmelina"," Rauser ");
INSERT IGNORE INTO person( customer_id, driver_license_number, customer_first_name, customer_last_name ) VALUES(" A8107181602"," A8107181602"," Norah"," Gleich ");
INSERT IGNORE INTO person( customer_id, driver_license_number, customer_first_name, customer_last_name ) VALUES(" D9431249359"," D9431249359"," Benton"," Konopacki ");
INSERT IGNORE INTO person( customer_id, driver_license_number, customer_first_name, customer_last_name ) VALUES(" C3670850732"," C3670850732"," Alishia"," Latzke ");
INSERT IGNORE INTO person( customer_id, driver_license_number, customer_first_name, customer_last_name ) VALUES(" D1162502438"," D1162502438"," Lili"," Farrar ");
INSERT IGNORE INTO person( customer_id, driver_license_number, customer_first_name, customer_last_name ) VALUES(" C7821395607"," C7821395607"," Glendora"," Rodeigues ");
INSERT IGNORE INTO person( customer_id, driver_license_number, customer_first_name, customer_last_name ) VALUES(" B2287458166"," B2287458166"," Rolland"," Emigh ");
INSERT IGNORE INTO person( customer_id, driver_license_number, customer_first_name, customer_last_name ) VALUES(" B2906209149"," B2906209149"," Chanel"," Kippley ");
INSERT IGNORE INTO person( customer_id, driver_license_number, customer_first_name, customer_last_name ) VALUES(" C7154501254"," C7154501254"," Glenna"," Onofrio ");
INSERT IGNORE INTO person( customer_id, driver_license_number, customer_first_name, customer_last_name ) VALUES(" C8694307110"," C8694307110"," Katina"," Monarrez ");
INSERT IGNORE INTO person( customer_id, driver_license_number, customer_first_name, customer_last_name ) VALUES(" C2744068306"," C2744068306"," Virgie"," Garufi ");
INSERT IGNORE INTO person( customer_id, driver_license_number, customer_first_name, customer_last_name ) VALUES(" D2548986249"," D2548986249"," Xochitl"," Knipp ");
INSERT IGNORE INTO person( customer_id, driver_license_number, customer_first_name, customer_last_name ) VALUES(" B0664933596"," B0664933596"," Weldon"," Gehrett ");
INSERT IGNORE INTO person( customer_id, driver_license_number, customer_first_name, customer_last_name ) VALUES(" C6508528685"," C6508528685"," Elke"," Felger ");
INSERT IGNORE INTO person( customer_id, driver_license_number, customer_first_name, customer_last_name ) VALUES(" D0838982647"," D0838982647"," Sylvia"," Kohnert ");
INSERT IGNORE INTO person( customer_id, driver_license_number, customer_first_name, customer_last_name ) VALUES(" C7245495659"," C7245495659"," Oretha"," Bowley ");
INSERT IGNORE INTO person( customer_id, driver_license_number, customer_first_name, customer_last_name ) VALUES(" D2619628333"," D2619628333"," Junita"," Walthall ");
INSERT IGNORE INTO person( customer_id, driver_license_number, customer_first_name, customer_last_name ) VALUES(" C4376643077"," C4376643077"," Earleen"," Onofrio ");
INSERT IGNORE INTO person( customer_id, driver_license_number, customer_first_name, customer_last_name ) VALUES(" B6148685373"," B6148685373"," Mireya"," Sawchuk ");
INSERT IGNORE INTO person( customer_id, driver_license_number, customer_first_name, customer_last_name ) VALUES(" B1467621707"," B1467621707"," Arlette"," Arias ");
INSERT IGNORE INTO person( customer_id, driver_license_number, customer_first_name, customer_last_name ) VALUES(" A2840015188"," A2840015188"," Skye"," Estell ");
INSERT IGNORE INTO person( customer_id, driver_license_number, customer_first_name, customer_last_name ) VALUES(" C2448589066"," C2448589066"," Eden"," Mirafuentes ");
INSERT IGNORE INTO person( customer_id, driver_license_number, customer_first_name, customer_last_name ) VALUES(" D4296267174"," D4296267174"," Ahmed"," Padilla ");
INSERT IGNORE INTO person( customer_id, driver_license_number, customer_first_name, customer_last_name ) VALUES(" C1404134532"," C1404134532"," Junita"," Perigo ");
INSERT IGNORE INTO person( customer_id, driver_license_number, customer_first_name, customer_last_name ) VALUES(" C3701564618"," C3701564618"," Rhea"," Jillson ");
INSERT IGNORE INTO person( customer_id, driver_license_number, customer_first_name, customer_last_name ) VALUES(" B1872571043"," B1872571043"," Elvera"," Flosi ");
INSERT IGNORE INTO person( customer_id, driver_license_number, customer_first_name, customer_last_name ) VALUES(" B8740149731"," B8740149731"," Micaela"," Cookey ");
INSERT IGNORE INTO person( customer_id, driver_license_number, customer_first_name, customer_last_name ) VALUES(" D9745941406"," D9745941406"," My"," Arceo ");
INSERT IGNORE INTO person( customer_id, driver_license_number, customer_first_name, customer_last_name ) VALUES(" D7279401089"," D7279401089"," Junita"," Miro ");
INSERT IGNORE INTO person( customer_id, driver_license_number, customer_first_name, customer_last_name ) VALUES(" B4645539147"," B4645539147"," Lili"," Arias ");
INSERT IGNORE INTO person( customer_id, driver_license_number, customer_first_name, customer_last_name ) VALUES(" C8244565014"," C8244565014"," Irma"," Dhamer ");
INSERT IGNORE INTO person( customer_id, driver_license_number, customer_first_name, customer_last_name ) VALUES(" B5930662838"," B5930662838"," Latrice"," Claucherty ");
INSERT IGNORE INTO person( customer_id, driver_license_number, customer_first_name, customer_last_name ) VALUES(" B8617696591"," B8617696591"," Helaine"," Maclead ");
INSERT IGNORE INTO person( customer_id, driver_license_number, customer_first_name, customer_last_name ) VALUES(" C4179179446"," C4179179446"," Alyce"," Hauenstein ");
INSERT IGNORE INTO person( customer_id, driver_license_number, customer_first_name, customer_last_name ) VALUES(" D7751875993"," D7751875993"," Carissa"," Similton ");
INSERT IGNORE INTO person( customer_id, driver_license_number, customer_first_name, customer_last_name ) VALUES(" A1953394969"," A1953394969"," Lorrine"," Pagliuca ");
INSERT IGNORE INTO person( customer_id, driver_license_number, customer_first_name, customer_last_name ) VALUES(" C9808620269"," C9808620269"," Martina"," Lietz ");
INSERT IGNORE INTO person( customer_id, driver_license_number, customer_first_name, customer_last_name ) VALUES(" A6819485677"," A6819485677"," Mariann"," Burnard ");
INSERT IGNORE INTO person( customer_id, driver_license_number, customer_first_name, customer_last_name ) VALUES(" C8771937989"," C8771937989"," Thaddeus"," Lawler ");
INSERT IGNORE INTO person( customer_id, driver_license_number, customer_first_name, customer_last_name ) VALUES(" A4237394300"," A4237394300"," Shenika"," Kines ");
INSERT IGNORE INTO person( customer_id, driver_license_number, customer_first_name, customer_last_name ) VALUES(" A9685977010"," A9685977010"," Louvenia"," Gillaspie ");
INSERT IGNORE INTO person( customer_id, driver_license_number, customer_first_name, customer_last_name ) VALUES(" C9903567737"," C9903567737"," Linn"," Hollack ");
INSERT IGNORE INTO person( customer_id, driver_license_number, customer_first_name, customer_last_name ) VALUES(" C5517920862"," C5517920862"," Tyra"," Jacobos ");
INSERT IGNORE INTO person( customer_id, driver_license_number, customer_first_name, customer_last_name ) VALUES(" B3716300300"," B3716300300"," Art"," Degroot ");
INSERT IGNORE INTO person( customer_id, driver_license_number, customer_first_name, customer_last_name ) VALUES(" D5653451679"," D5653451679"," Van"," Comnick ");
INSERT IGNORE INTO person( customer_id, driver_license_number, customer_first_name, customer_last_name ) VALUES(" C6972781026"," C6972781026"," Ma"," Yum ");
INSERT IGNORE INTO person( customer_id, driver_license_number, customer_first_name, customer_last_name ) VALUES(" A2156704547"," A2156704547"," Xochitl"," Pagliuca ");
INSERT IGNORE INTO person( customer_id, driver_license_number, customer_first_name, customer_last_name ) VALUES(" C6885206034"," C6885206034"," Jina"," Bowley ");
INSERT IGNORE INTO person( customer_id, driver_license_number, customer_first_name, customer_last_name ) VALUES(" A6657577671"," A6657577671"," Lemuel"," Kardas ");
INSERT IGNORE INTO person( customer_id, driver_license_number, customer_first_name, customer_last_name ) VALUES(" B3621247910"," B3621247910"," Edna"," Wolny ");
INSERT IGNORE INTO person( customer_id, driver_license_number, customer_first_name, customer_last_name ) VALUES(" C1317447002"," C1317447002"," Franklyn"," Kaniecki ");
INSERT IGNORE INTO person( customer_id, driver_license_number, customer_first_name, customer_last_name ) VALUES(" A2628970055"," A2628970055"," Cristy"," Acey ");
INSERT IGNORE INTO person( customer_id, driver_license_number, customer_first_name, customer_last_name ) VALUES(" A5441879198"," A5441879198"," Fabiola"," Keener ");
INSERT IGNORE INTO person( customer_id, driver_license_number, customer_first_name, customer_last_name ) VALUES(" C8989750395"," C8989750395"," Derick"," Dilliard ");
INSERT IGNORE INTO person( customer_id, driver_license_number, customer_first_name, customer_last_name ) VALUES(" B0585188333"," B0585188333"," Lorrie"," Boord ");
INSERT IGNORE INTO person( customer_id, driver_license_number, customer_first_name, customer_last_name ) VALUES(" D9806834505"," D9806834505"," Tyra"," Layous ");
INSERT IGNORE INTO person( customer_id, driver_license_number, customer_first_name, customer_last_name ) VALUES(" A6448389020"," A6448389020"," Kimberlie"," Stockham ");
INSERT IGNORE INTO person( customer_id, driver_license_number, customer_first_name, customer_last_name ) VALUES(" B4543107001"," B4543107001"," Cyndy"," Royster ");
INSERT IGNORE INTO person( customer_id, driver_license_number, customer_first_name, customer_last_name ) VALUES(" A1543433846"," A1543433846"," Lenna"," Skulski ");
INSERT IGNORE INTO person( customer_id, driver_license_number, customer_first_name, customer_last_name ) VALUES(" B4683383831"," B4683383831"," Gracia"," Agramonte ");
INSERT IGNORE INTO person( customer_id, driver_license_number, customer_first_name, customer_last_name ) VALUES(" A6482150674"," A6482150674"," Daniela"," Mai ");
INSERT IGNORE INTO person( customer_id, driver_license_number, customer_first_name, customer_last_name ) VALUES(" A7120700731"," A7120700731"," Junita"," Toelkes ");
INSERT IGNORE INTO person( customer_id, driver_license_number, customer_first_name, customer_last_name ) VALUES(" A4363352704"," A4363352704"," Adell"," Leinenbach ");
INSERT IGNORE INTO person( customer_id, driver_license_number, customer_first_name, customer_last_name ) VALUES(" D8463845828"," D8463845828"," Stephaine"," Drymon ");
INSERT IGNORE INTO person( customer_id, driver_license_number, customer_first_name, customer_last_name ) VALUES(" A0953343682"," A0953343682"," Helene"," Saylors ");
INSERT IGNORE INTO person( customer_id, driver_license_number, customer_first_name, customer_last_name ) VALUES(" C1394323936"," C1394323936"," Aliza"," Meisel ");
INSERT IGNORE INTO person( customer_id, driver_license_number, customer_first_name, customer_last_name ) VALUES(" D6463541439"," D6463541439"," Lizbeth"," Foller ");
INSERT IGNORE INTO person( customer_id, driver_license_number, customer_first_name, customer_last_name ) VALUES(" B2804248768"," B2804248768"," Donte"," Cousey ");
INSERT IGNORE INTO person( customer_id, driver_license_number, customer_first_name, customer_last_name ) VALUES(" D7934013852"," D7934013852"," Lavonna"," Good ");
INSERT IGNORE INTO person( customer_id, driver_license_number, customer_first_name, customer_last_name ) VALUES(" B6520528449"," B6520528449"," Donette"," Felger ");
INSERT IGNORE INTO person( customer_id, driver_license_number, customer_first_name, customer_last_name ) VALUES(" C4429219457"," C4429219457"," Rhea"," Pontoriero ");
INSERT IGNORE INTO person( customer_id, driver_license_number, customer_first_name, customer_last_name ) VALUES(" C3304949185"," C3304949185"," Gail"," Scheyer ");
INSERT IGNORE INTO person( customer_id, driver_license_number, customer_first_name, customer_last_name ) VALUES(" B6894388117"," B6894388117"," Wynell"," Swayze ");
INSERT IGNORE INTO person( customer_id, driver_license_number, customer_first_name, customer_last_name ) VALUES(" A9800617405"," A9800617405"," Golda"," Kannady ");
INSERT IGNORE INTO person( customer_id, driver_license_number, customer_first_name, customer_last_name ) VALUES(" A4708877275"," A4708877275"," Samira"," Nachor ");
INSERT IGNORE INTO person( customer_id, driver_license_number, customer_first_name, customer_last_name ) VALUES(" A0891946418"," A0891946418"," Stephen"," Pelkowski ");
INSERT IGNORE INTO person( customer_id, driver_license_number, customer_first_name, customer_last_name ) VALUES(" B7658453163"," B7658453163"," Cyndy"," Gochal ");
INSERT IGNORE INTO person( customer_id, driver_license_number, customer_first_name, customer_last_name ) VALUES(" D5555586904"," D5555586904"," Annmarie"," Royster ");
INSERT IGNORE INTO person( customer_id, driver_license_number, customer_first_name, customer_last_name ) VALUES(" B5327595424"," B5327595424"," Ressie"," Palaia ");
INSERT IGNORE INTO person( customer_id, driver_license_number, customer_first_name, customer_last_name ) VALUES(" B4761949869"," B4761949869"," Oretha"," Cork ");
INSERT IGNORE INTO person( customer_id, driver_license_number, customer_first_name, customer_last_name ) VALUES(" A5116094170"," A5116094170"," Shawna"," Cousey ");
INSERT IGNORE INTO person( customer_id, driver_license_number, customer_first_name, customer_last_name ) VALUES(" C3686964342"," C3686964342"," Josphine"," Degroot ");
INSERT IGNORE INTO person( customer_id, driver_license_number, customer_first_name, customer_last_name ) VALUES(" C7482916743"," C7482916743"," Lenna"," Honeywell ");
INSERT IGNORE INTO person( customer_id, driver_license_number, customer_first_name, customer_last_name ) VALUES(" B7298707408"," B7298707408"," Nana"," Newville ");
INSERT IGNORE INTO person( customer_id, driver_license_number, customer_first_name, customer_last_name ) VALUES(" A5932340550"," A5932340550"," Blair"," Cronauer ");
INSERT IGNORE INTO person( customer_id, driver_license_number, customer_first_name, customer_last_name ) VALUES(" B4745861576"," B4745861576"," Brett"," Toelkes ");
INSERT IGNORE INTO person( customer_id, driver_license_number, customer_first_name, customer_last_name ) VALUES(" D1451097081"," D1451097081"," France"," Figeroa ");
INSERT IGNORE INTO person( customer_id, driver_license_number, customer_first_name, customer_last_name ) VALUES(" C7731551051"," C7731551051"," Larae"," Thyberg ");
INSERT IGNORE INTO person( customer_id, driver_license_number, customer_first_name, customer_last_name ) VALUES(" B6684374397"," B6684374397"," Mariann"," Lary ");
INSERT IGNORE INTO person( customer_id, driver_license_number, customer_first_name, customer_last_name ) VALUES(" A2130488970"," A2130488970"," Nicolette"," Biddy ");
INSERT IGNORE INTO person( customer_id, driver_license_number, customer_first_name, customer_last_name ) VALUES(" D1610396701"," D1610396701"," Chaya"," Palaia ");
INSERT IGNORE INTO person( customer_id, driver_license_number, customer_first_name, customer_last_name ) VALUES(" D3829841679"," D3829841679"," Shawna"," Vizarro ");
INSERT IGNORE INTO person( customer_id, driver_license_number, customer_first_name, customer_last_name ) VALUES(" A7690497079"," A7690497079"," Sylvia"," Kusko ");
INSERT IGNORE INTO person( customer_id, driver_license_number, customer_first_name, customer_last_name ) VALUES(" D4435428566"," D4435428566"," Jacqueline"," Strassner ");
INSERT IGNORE INTO person( customer_id, driver_license_number, customer_first_name, customer_last_name ) VALUES(" B7916407234"," B7916407234"," Ressie"," Hoffis ");
INSERT IGNORE INTO person( customer_id, driver_license_number, customer_first_name, customer_last_name ) VALUES(" A6434991693"," A6434991693"," Truman"," Strassner ");
INSERT IGNORE INTO person( customer_id, driver_license_number, customer_first_name, customer_last_name ) VALUES(" D9635369685"," D9635369685"," Carmelina"," Staback ");
INSERT IGNORE INTO person( customer_id, driver_license_number, customer_first_name, customer_last_name ) VALUES(" C0640712551"," C0640712551"," Talia"," Keetch ");
INSERT IGNORE INTO person( customer_id, driver_license_number, customer_first_name, customer_last_name ) VALUES(" B4801537581"," B4801537581"," Gracia"," Sengbusch ");
INSERT IGNORE INTO person( customer_id, driver_license_number, customer_first_name, customer_last_name ) VALUES(" A8940446385"," A8940446385"," Annelle"," Reiber ");
